<?xml version="1.0" encoding="UTF-8"?>
<gresources>
  <gresource prefix="/org/gnome/shell/theme">
    <file>assets/calendar-arrow-left.svg</file>
    <file>assets/calendar-arrow-left-hover.svg</file>
    <file>assets/calendar-arrow-right.svg</file>
    <file>assets/calendar-arrow-right-hover.svg</file>
    <file>assets/checkbox.svg</file>
    <file>assets/checkbox-hover.svg</file>
    <file>assets/checkbox-off.svg</file>
    <file>assets/checkbox-off-hover.svg</file>
    <file>assets/corner-ripple-ltr.svg</file>
    <file>assets/corner-ripple-rtl.svg</file>
    <file>assets/dash-placeholder.svg</file>
    <file>gnome-shell.css</file>
    <file>assets/go-down.svg</file>
    <file>assets/go-up.svg</file>
    <file>assets/media-control-active.svg</file>
    <file>assets/media-control-hover.svg</file>
    <file>assets/more-results.svg</file>
    <file>no-events.svg</file>
    <file>noise-texture.png</file>
    <file>no-notifications.svg</file>
    <file>process-working.svg</file>
    <file>assets/show-apps.svg</file>
    <file>assets/show-apps-checked.svg</file>
    <file>assets/show-apps-hover.svg</file>
    <file>toggle-off.svg</file>
    <file>toggle-off-hover.svg</file>
    <file>toggle-on.svg</file>
    <file>toggle-on-hover.svg</file>
    <file>assets/window-close.svg</file>
    <file>assets/window-close-active.svg</file>
    <file>assets/window-close-hover.svg</file>
  </gresource>
</gresources>
